,mean,sd,hdi_3%,hdi_97%,mcse_mean,mcse_sd,ess_bulk,ess_tail,r_hat
ncols,-0.313,0.382,-1.036,0.394,0.002,0.002,34882.0,12460.0,1.0
nrows,0.384,0.36,-0.308,1.044,0.002,0.002,34428.0,11695.0,1.0
out,0.1,0.365,-0.57,0.795,0.002,0.003,34888.0,12668.0,1.0
skip,0.055,0.379,-0.656,0.76,0.002,0.003,34451.0,12464.0,1.0
1or4_top_above,-0.25,0.373,-0.966,0.422,0.002,0.003,42496.0,10799.0,1.0
2or3_bot_below,0.237,0.359,-0.454,0.903,0.002,0.003,35772.0,10933.0,1.0
1above,-0.124,0.368,-0.807,0.574,0.002,0.003,36062.0,12290.0,1.0
4above,0.121,0.25,-0.338,0.606,0.001,0.002,42595.0,10457.0,1.0
2below,0.213,0.362,-0.486,0.872,0.002,0.003,37837.0,12351.0,1.0
3below,0.166,0.338,-0.451,0.811,0.002,0.003,36010.0,11158.0,1.0
center,-0.341,0.325,-0.964,0.26,0.002,0.002,37422.0,10543.0,1.0
same,0.333,0.38,-0.395,1.025,0.002,0.002,41127.0,11978.0,1.0
adj_skip,0.065,0.303,-0.52,0.618,0.002,0.003,39464.0,11133.0,1.0
same_skip,-0.02,0.29,-0.558,0.535,0.001,0.003,40077.0,10623.0,1.0
1_center,0.046,0.257,-0.436,0.535,0.001,0.003,37617.0,11138.0,1.0
typing_time,63.726,0.431,62.905,64.522,0.002,0.002,34233.0,12208.0,1.0
participant_intercept[0],2.339,0.958,0.522,4.086,0.005,0.004,38214.0,11182.0,1.0
participant_intercept[1],-2.154,0.973,-4.003,-0.35,0.005,0.004,40472.0,9789.0,1.0
participant_intercept[2],-0.162,1.012,-2.111,1.674,0.005,0.01,43886.0,9862.0,1.0
participant_intercept[3],-0.816,1.002,-2.746,0.987,0.005,0.007,41076.0,10601.0,1.0
participant_intercept[4],-0.678,0.983,-2.53,1.135,0.005,0.007,44148.0,10350.0,1.0
participant_intercept[5],-2.31,0.978,-4.178,-0.548,0.005,0.004,40902.0,10733.0,1.0
participant_intercept[6],-0.746,0.983,-2.554,1.149,0.005,0.007,40472.0,10739.0,1.0
participant_intercept[7],0.165,0.975,-1.69,1.985,0.005,0.01,42161.0,10744.0,1.0
participant_intercept[8],0.677,0.99,-1.213,2.484,0.005,0.008,36972.0,10278.0,1.0
participant_intercept[9],-1.079,0.974,-2.852,0.772,0.005,0.006,42854.0,11138.0,1.0
participant_intercept[10],1.791,0.97,0.02,3.673,0.005,0.005,40687.0,10312.0,1.0
participant_intercept[11],-0.52,0.981,-2.364,1.35,0.005,0.008,35868.0,10451.0,1.0
participant_intercept[12],0.661,0.969,-1.137,2.492,0.005,0.007,43780.0,11261.0,1.0
participant_intercept[13],-0.219,0.972,-2.042,1.625,0.005,0.009,36218.0,10714.0,1.0
participant_intercept[14],0.465,0.99,-1.309,2.368,0.005,0.008,41378.0,10943.0,1.0
participant_intercept[15],-0.566,0.993,-2.403,1.33,0.005,0.008,44408.0,11442.0,1.0
participant_intercept[16],0.607,0.965,-1.181,2.448,0.005,0.007,40198.0,11021.0,1.0
participant_intercept[17],0.866,0.979,-0.976,2.693,0.005,0.007,36562.0,10967.0,1.0
participant_intercept[18],0.936,0.98,-0.943,2.747,0.005,0.006,36954.0,9686.0,1.0
participant_intercept[19],-0.325,0.996,-2.189,1.58,0.005,0.009,38847.0,10223.0,1.0
participant_intercept[20],1.402,0.97,-0.493,3.202,0.005,0.005,37068.0,10558.0,1.0
participant_intercept[21],-0.079,1.003,-1.977,1.813,0.005,0.01,37899.0,10905.0,1.0
participant_intercept[22],-0.06,0.987,-1.962,1.746,0.005,0.01,41995.0,10812.0,1.0
participant_intercept[23],-1.674,0.965,-3.509,0.124,0.005,0.005,39493.0,10383.0,1.0
participant_intercept[24],0.211,0.985,-1.651,2.029,0.005,0.009,43576.0,11612.0,1.0
participant_intercept[25],-3.264,0.962,-5.094,-1.487,0.005,0.004,40853.0,10872.0,1.0
participant_intercept[26],-1.646,0.973,-3.492,0.172,0.005,0.005,36944.0,9908.0,1.0
participant_intercept[27],-2.216,0.978,-4.096,-0.428,0.005,0.004,38107.0,10810.0,1.0
participant_intercept[28],-0.707,0.964,-2.539,1.088,0.005,0.007,39301.0,11419.0,1.0
participant_intercept[29],-0.798,0.967,-2.615,1.021,0.005,0.007,39997.0,11031.0,1.0
participant_intercept[30],0.792,0.983,-1.046,2.598,0.005,0.007,39835.0,11560.0,1.0
participant_intercept[31],-0.552,1.015,-2.487,1.343,0.005,0.009,47581.0,9589.0,1.0
participant_intercept[32],0.02,0.999,-1.814,1.919,0.005,0.01,40027.0,10692.0,1.0
participant_intercept[33],0.939,0.97,-0.936,2.73,0.005,0.006,37467.0,10562.0,1.0
participant_intercept[34],0.944,0.99,-0.935,2.753,0.005,0.006,44051.0,10562.0,1.0
participant_intercept[35],-0.062,0.971,-1.96,1.671,0.005,0.009,42197.0,11412.0,1.0
participant_intercept[36],0.232,0.985,-1.567,2.122,0.005,0.009,38520.0,10256.0,1.0
participant_intercept[37],0.304,0.971,-1.494,2.149,0.005,0.008,39690.0,10530.0,1.0
participant_intercept[38],-0.828,0.985,-2.616,1.062,0.005,0.007,40511.0,10503.0,1.0
participant_intercept[39],-0.329,0.976,-2.141,1.545,0.005,0.009,41617.0,10256.0,1.0
participant_intercept[40],-1.219,0.96,-2.968,0.642,0.005,0.005,39976.0,10915.0,1.0
participant_intercept[41],-0.259,0.982,-2.115,1.562,0.005,0.009,38878.0,10556.0,1.0
participant_intercept[42],-1.462,0.954,-3.22,0.372,0.005,0.005,39052.0,10945.0,1.0
participant_intercept[43],0.946,0.987,-0.917,2.81,0.005,0.007,39763.0,10802.0,1.0
participant_intercept[44],-1.567,0.968,-3.321,0.297,0.005,0.005,41825.0,10439.0,1.0
participant_intercept[45],-1.12,0.976,-2.942,0.712,0.005,0.006,40829.0,10432.0,1.0
participant_intercept[46],1.524,0.972,-0.272,3.37,0.005,0.005,35513.0,10864.0,1.0
participant_intercept[47],0.779,0.974,-1.029,2.632,0.005,0.007,40775.0,10733.0,1.0
participant_intercept[48],0.759,0.975,-1.073,2.561,0.005,0.007,37565.0,10390.0,1.0
participant_intercept[49],0.044,0.991,-1.797,1.901,0.005,0.01,41016.0,10426.0,1.0
participant_intercept[50],-0.792,0.958,-2.627,0.958,0.005,0.006,40717.0,11207.0,1.0
participant_intercept[51],-0.777,0.975,-2.617,1.087,0.005,0.007,43832.0,10093.0,1.0
participant_intercept[52],-0.526,0.994,-2.419,1.304,0.005,0.008,35421.0,9586.0,1.0
participant_intercept[53],-0.301,0.987,-2.145,1.565,0.005,0.009,40769.0,10667.0,1.0
participant_intercept[54],0.087,0.985,-1.782,1.94,0.005,0.009,40121.0,10834.0,1.0
participant_intercept[55],0.939,0.987,-0.908,2.778,0.005,0.006,37864.0,10975.0,1.0
participant_intercept[56],-0.91,0.983,-2.83,0.878,0.005,0.006,43648.0,11174.0,1.0
participant_intercept[57],-0.431,0.983,-2.297,1.39,0.005,0.009,34456.0,10354.0,1.0
participant_intercept[58],2.348,0.96,0.538,4.159,0.005,0.004,38741.0,11032.0,1.0
participant_intercept[59],0.461,0.976,-1.344,2.356,0.005,0.008,42236.0,11106.0,1.0
participant_intercept[60],-1.177,1.004,-3.048,0.733,0.005,0.006,41141.0,10881.0,1.0
participant_intercept[61],-0.722,0.956,-2.56,1.034,0.005,0.007,33973.0,11154.0,1.0
participant_intercept[62],-0.065,0.96,-1.896,1.688,0.005,0.009,38187.0,10586.0,1.0
participant_intercept[63],-0.803,0.981,-2.68,1.014,0.005,0.007,43260.0,10802.0,1.0
participant_intercept[64],-0.595,0.995,-2.466,1.268,0.005,0.008,42134.0,10726.0,1.0
participant_intercept[65],-1.069,0.981,-2.944,0.708,0.005,0.006,41540.0,11103.0,1.0
participant_intercept[66],-0.859,0.963,-2.681,0.947,0.005,0.006,36619.0,11052.0,1.0
participant_intercept[67],-0.179,0.996,-1.973,1.781,0.005,0.01,40356.0,10690.0,1.0
participant_intercept[68],0.939,0.994,-0.962,2.778,0.005,0.007,39984.0,10068.0,1.0
participant_intercept[69],0.943,0.966,-0.858,2.763,0.005,0.006,38626.0,11016.0,1.0
participant_intercept[70],-0.937,1.007,-2.874,0.909,0.005,0.006,37900.0,11284.0,1.0
participant_intercept[71],-1.844,0.952,-3.61,-0.021,0.005,0.005,40244.0,10312.0,1.0
participant_intercept[72],-2.147,0.964,-3.897,-0.31,0.005,0.004,43323.0,10201.0,1.0
participant_intercept[73],-0.071,0.99,-1.908,1.822,0.005,0.01,40361.0,10115.0,1.0
participant_intercept[74],-0.9,0.972,-2.663,0.99,0.005,0.006,39372.0,9910.0,1.0
participant_intercept[75],-0.308,0.989,-2.141,1.533,0.005,0.009,42821.0,10118.0,1.0
participant_intercept[76],-1.141,0.972,-2.931,0.697,0.005,0.006,43738.0,10506.0,1.0
participant_intercept[77],-0.1,0.983,-1.897,1.781,0.005,0.009,38949.0,11250.0,1.0
participant_intercept[78],0.084,0.979,-1.779,1.916,0.005,0.01,42544.0,10465.0,1.0
participant_intercept[79],0.199,0.982,-1.661,2.009,0.005,0.009,42013.0,10053.0,1.0
participant_intercept[80],-0.396,0.984,-2.25,1.44,0.005,0.009,38900.0,10984.0,1.0
participant_intercept[81],-0.053,0.964,-1.831,1.757,0.005,0.009,36845.0,11425.0,1.0
participant_intercept[82],1.576,0.976,-0.285,3.387,0.005,0.005,44327.0,11218.0,1.0
participant_intercept[83],0.944,0.993,-1.027,2.718,0.005,0.007,41825.0,10920.0,1.0
participant_intercept[84],-0.113,0.991,-2.1,1.655,0.005,0.009,39161.0,10842.0,1.0
participant_intercept[85],0.845,0.972,-0.961,2.691,0.005,0.007,39085.0,10527.0,1.0
participant_intercept[86],-0.178,0.981,-2.061,1.619,0.005,0.009,39610.0,11010.0,1.0
participant_intercept[87],-0.892,0.993,-2.709,1.018,0.005,0.006,39335.0,11310.0,1.0
participant_intercept[88],-1.423,0.986,-3.229,0.476,0.005,0.005,45391.0,10966.0,1.0
participant_intercept[89],-1.374,0.971,-3.223,0.439,0.005,0.005,39425.0,10346.0,1.0
participant_intercept[90],0.515,0.98,-1.338,2.34,0.005,0.008,40994.0,10833.0,1.0
participant_intercept[91],-0.015,0.979,-1.809,1.855,0.005,0.01,37863.0,11221.0,1.0
participant_intercept[92],-0.827,0.964,-2.628,0.953,0.005,0.007,40842.0,10444.0,1.0
participant_intercept[93],-0.514,0.986,-2.39,1.339,0.005,0.008,40603.0,10772.0,1.0
participant_intercept[94],-0.79,0.976,-2.56,1.096,0.005,0.007,41485.0,9760.0,1.0
participant_intercept[95],-0.746,1.003,-2.623,1.133,0.005,0.007,41788.0,10390.0,1.0
participant_intercept[96],-0.129,0.981,-1.9,1.773,0.005,0.009,38830.0,11148.0,1.0
participant_intercept[97],0.643,0.991,-1.192,2.55,0.005,0.008,37635.0,10276.0,1.0
participant_intercept[98],0.236,0.959,-1.644,2.015,0.005,0.009,40892.0,10405.0,1.0
participant_intercept[99],-0.566,0.961,-2.336,1.253,0.005,0.008,37699.0,10684.0,1.0
participant_intercept[100],0.935,0.99,-0.917,2.807,0.005,0.007,36918.0,10053.0,1.0
participant_intercept[101],-0.512,0.978,-2.289,1.381,0.005,0.008,36466.0,11044.0,1.0
participant_intercept[102],-0.123,0.987,-1.975,1.764,0.005,0.01,35631.0,10122.0,1.0
participant_intercept[103],1.978,0.972,0.184,3.8,0.005,0.004,44889.0,10980.0,1.0
participant_intercept[104],0.078,0.958,-1.776,1.82,0.005,0.009,38484.0,10624.0,1.0
participant_intercept[105],-0.155,0.99,-2.022,1.696,0.005,0.01,40671.0,9690.0,1.0
participant_intercept[106],-2.357,0.974,-4.169,-0.492,0.005,0.004,40489.0,9510.0,1.0
participant_intercept[107],-0.925,0.986,-2.781,0.912,0.005,0.006,39860.0,11376.0,1.0
participant_intercept[108],-0.95,0.967,-2.757,0.899,0.005,0.006,40333.0,10684.0,1.0
participant_intercept[109],-2.929,0.978,-4.793,-1.117,0.005,0.004,42264.0,10503.0,1.0
participant_intercept[110],-1.453,0.969,-3.319,0.313,0.005,0.005,38084.0,11207.0,1.0
participant_intercept[111],0.936,0.987,-0.908,2.793,0.005,0.006,39908.0,10826.0,1.0
participant_intercept[112],-0.961,0.971,-2.78,0.859,0.005,0.006,44957.0,10400.0,1.0
participant_intercept[113],-0.108,1.0,-1.978,1.81,0.005,0.01,36925.0,9784.0,1.0
participant_intercept[114],-0.143,0.965,-1.972,1.651,0.005,0.009,42266.0,10815.0,1.0
participant_intercept[115],-0.589,1.0,-2.513,1.219,0.005,0.008,42679.0,10801.0,1.0
participant_intercept[116],0.278,0.987,-1.544,2.175,0.005,0.009,37891.0,10190.0,1.0
participant_intercept[117],1.79,0.988,-0.005,3.687,0.005,0.005,44835.0,10925.0,1.0
participant_intercept[118],-0.5,0.988,-2.447,1.283,0.005,0.008,36353.0,10571.0,1.0
participant_intercept[119],0.928,0.991,-0.898,2.824,0.005,0.007,39544.0,10317.0,1.0
participant_intercept[120],1.975,0.978,0.193,3.835,0.005,0.005,36941.0,10005.0,1.0
participant_intercept[121],0.94,0.987,-0.878,2.822,0.005,0.006,42655.0,10484.0,1.0
participant_intercept[122],-0.544,0.989,-2.429,1.268,0.005,0.008,39911.0,10063.0,1.0
participant_intercept[123],0.934,0.981,-0.942,2.722,0.005,0.006,36970.0,10963.0,1.0
participant_intercept[124],-0.339,0.98,-2.144,1.519,0.005,0.009,41448.0,10099.0,1.0
participant_intercept[125],-0.526,0.988,-2.31,1.399,0.005,0.008,38235.0,10935.0,1.0
participant_intercept[126],2.338,0.957,0.537,4.098,0.005,0.004,43771.0,11195.0,1.0
participant_intercept[127],0.752,0.997,-1.096,2.636,0.005,0.007,34656.0,11317.0,1.0
participant_intercept[128],-0.616,0.99,-2.388,1.295,0.005,0.008,37194.0,10119.0,1.0
participant_intercept[129],-1.143,0.978,-2.983,0.65,0.005,0.006,39498.0,10265.0,1.0
participant_intercept[130],-0.631,0.976,-2.417,1.268,0.005,0.007,39754.0,10493.0,1.0
participant_intercept[131],0.934,0.98,-0.92,2.715,0.005,0.006,37927.0,10593.0,1.0
participant_intercept[132],0.427,0.998,-1.431,2.312,0.005,0.009,39973.0,10669.0,1.0
participant_intercept[133],-0.833,0.994,-2.704,1.037,0.005,0.007,39500.0,10012.0,1.0
participant_intercept[134],0.046,0.988,-1.723,1.982,0.005,0.01,37265.0,10678.0,1.0
participant_intercept[135],-0.906,0.986,-2.84,0.867,0.005,0.006,35853.0,11123.0,1.0
participant_intercept[136],-1.241,0.965,-3.034,0.562,0.005,0.005,38014.0,10390.0,1.0
participant_intercept[137],0.256,0.986,-1.567,2.14,0.005,0.009,41269.0,11254.0,1.0
participant_intercept[138],0.872,0.961,-0.887,2.737,0.005,0.007,35264.0,9827.0,1.0
participant_intercept[139],-0.425,0.996,-2.312,1.449,0.005,0.009,39797.0,10230.0,1.0
participant_intercept[140],0.933,1.007,-0.994,2.772,0.005,0.007,36982.0,10313.0,1.0
participant_intercept[141],-2.694,0.985,-4.536,-0.844,0.005,0.004,39537.0,10507.0,1.0
participant_intercept[142],-2.381,0.955,-4.084,-0.501,0.005,0.004,37090.0,10782.0,1.0
participant_intercept[143],0.46,0.971,-1.419,2.213,0.005,0.008,39908.0,10844.0,1.0
participant_intercept[144],0.134,0.994,-1.786,2.007,0.005,0.01,41317.0,9851.0,1.0
participant_intercept[145],-1.121,0.973,-2.947,0.714,0.005,0.006,44865.0,11085.0,1.0
participant_intercept[146],2.082,0.967,0.275,3.897,0.005,0.004,39767.0,10432.0,1.0
participant_intercept[147],0.823,0.983,-1.028,2.669,0.005,0.007,38861.0,10024.0,1.0
participant_intercept[148],0.902,0.99,-0.966,2.776,0.005,0.006,41275.0,10040.0,1.0
participant_intercept[149],-0.657,0.979,-2.498,1.172,0.005,0.007,38379.0,10947.0,1.0
participant_intercept[150],0.829,0.974,-1.032,2.631,0.005,0.007,39241.0,10534.0,1.0
participant_intercept[151],0.933,0.979,-0.908,2.778,0.005,0.007,38721.0,10952.0,1.0
participant_intercept[152],0.941,0.998,-0.949,2.819,0.005,0.006,39232.0,10471.0,1.0
participant_intercept[153],0.918,0.976,-0.828,2.843,0.005,0.006,38470.0,10689.0,1.0
participant_intercept[154],-0.465,0.994,-2.386,1.392,0.005,0.008,39687.0,10569.0,1.0
participant_intercept[155],0.514,0.973,-1.37,2.298,0.005,0.008,44485.0,10929.0,1.0
participant_intercept[156],2.225,0.98,0.431,4.103,0.005,0.004,38699.0,10658.0,1.0
participant_intercept[157],-0.901,0.97,-2.72,0.926,0.005,0.007,37951.0,10132.0,1.0
participant_intercept[158],-0.293,0.988,-2.207,1.499,0.005,0.009,45915.0,10484.0,1.0
participant_intercept[159],-0.647,0.982,-2.519,1.157,0.005,0.008,41982.0,10468.0,1.0
participant_intercept[160],-1.123,0.989,-2.94,0.732,0.005,0.006,43773.0,9866.0,1.0
participant_intercept[161],-0.582,0.985,-2.481,1.204,0.005,0.007,40796.0,10233.0,1.0
participant_intercept[162],-0.073,0.98,-1.889,1.768,0.005,0.01,39931.0,10364.0,1.0
participant_intercept[163],-0.038,0.96,-1.81,1.774,0.005,0.009,41549.0,11276.0,1.0
participant_intercept[164],-0.216,0.995,-2.04,1.648,0.005,0.01,38363.0,11410.0,1.0
participant_intercept[165],0.712,0.993,-1.124,2.638,0.005,0.008,41627.0,10106.0,1.0
participant_intercept[166],-0.893,0.984,-2.739,0.996,0.005,0.007,40658.0,11290.0,1.0
participant_intercept[167],0.023,0.973,-1.795,1.859,0.005,0.009,39109.0,10147.0,1.0
participant_intercept[168],-0.115,0.986,-1.94,1.74,0.005,0.01,44739.0,10488.0,1.0
participant_intercept[169],0.541,0.96,-1.313,2.292,0.005,0.008,42520.0,10887.0,1.0
participant_intercept[170],-0.619,0.964,-2.436,1.2,0.005,0.007,43668.0,9822.0,1.0
participant_intercept[171],0.13,0.988,-1.749,1.961,0.005,0.009,41607.0,10922.0,1.0
participant_intercept[172],-0.822,0.998,-2.704,0.995,0.005,0.007,35470.0,10758.0,1.0
participant_intercept[173],0.408,0.977,-1.376,2.283,0.005,0.008,40071.0,10650.0,1.0
participant_intercept[174],0.937,0.981,-0.872,2.843,0.005,0.006,41432.0,11258.0,1.0
participant_intercept[175],0.291,0.983,-1.503,2.125,0.005,0.009,40960.0,10445.0,1.0
participant_intercept[176],-1.008,0.994,-2.882,0.861,0.005,0.007,39158.0,10680.0,1.0
participant_intercept[177],-0.575,0.964,-2.371,1.249,0.005,0.008,42259.0,10858.0,1.0
participant_intercept[178],-0.556,0.989,-2.454,1.266,0.005,0.008,38550.0,10738.0,1.0
participant_intercept[179],0.93,0.986,-0.869,2.823,0.005,0.006,40777.0,10077.0,1.0
participant_intercept[180],-1.444,0.963,-3.288,0.345,0.005,0.005,43993.0,10185.0,1.0
participant_intercept[181],0.194,0.981,-1.611,2.074,0.005,0.009,40395.0,10389.0,1.0
participant_intercept[182],-0.25,0.985,-2.137,1.572,0.005,0.009,36421.0,9964.0,1.0
participant_intercept[183],-0.688,1.013,-2.593,1.181,0.005,0.008,39912.0,10380.0,1.0
participant_intercept[184],-0.89,0.981,-2.734,0.934,0.005,0.007,40854.0,10995.0,1.0
participant_intercept[185],-0.811,0.966,-2.634,1.005,0.005,0.007,41668.0,10831.0,1.0
participant_intercept[186],0.937,0.988,-0.924,2.783,0.005,0.006,43669.0,10416.0,1.0
participant_intercept[187],-0.187,0.972,-2.002,1.617,0.005,0.009,38380.0,10532.0,1.0
participant_intercept[188],0.754,0.992,-1.09,2.611,0.005,0.008,38088.0,9650.0,1.0
participant_intercept[189],-0.38,0.959,-2.231,1.385,0.005,0.008,39947.0,10366.0,1.0
participant_intercept[190],0.932,0.99,-0.864,2.854,0.005,0.006,39066.0,10376.0,1.0
participant_intercept[191],0.55,0.951,-1.291,2.306,0.005,0.008,43061.0,10499.0,1.0
participant_intercept[192],0.94,1.005,-0.889,2.923,0.005,0.007,38677.0,10506.0,1.0
participant_intercept[193],1.523,0.962,-0.287,3.34,0.005,0.005,39738.0,10127.0,1.0
participant_intercept[194],-0.353,0.988,-2.234,1.492,0.005,0.009,38505.0,10915.0,1.0
participant_intercept[195],0.938,0.981,-0.863,2.829,0.005,0.006,39164.0,10671.0,1.0
participant_intercept[196],-1.14,0.963,-2.971,0.624,0.005,0.006,36236.0,9810.0,1.0
participant_intercept[197],-0.899,0.985,-2.751,0.945,0.005,0.007,41968.0,10767.0,1.0
participant_intercept[198],0.552,1.008,-1.26,2.511,0.005,0.008,44720.0,10504.0,1.0
participant_intercept[199],-0.874,0.968,-2.619,0.987,0.005,0.006,43169.0,10497.0,1.0
participant_intercept[200],-0.662,0.944,-2.476,1.08,0.005,0.007,39517.0,11509.0,1.0
participant_intercept[201],0.109,0.978,-1.728,1.926,0.005,0.009,38145.0,10892.0,1.0
participant_intercept[202],-0.037,0.981,-1.796,1.859,0.005,0.01,40651.0,11076.0,1.0
participant_intercept[203],-0.08,0.981,-1.966,1.728,0.005,0.009,38033.0,10270.0,1.0
participant_intercept[204],-0.134,0.988,-1.996,1.729,0.005,0.01,44275.0,9904.0,1.0
participant_intercept[205],-0.507,1.014,-2.403,1.407,0.005,0.009,35233.0,10388.0,1.0
participant_intercept[206],-0.138,0.998,-2.052,1.671,0.005,0.009,39099.0,10655.0,1.0
participant_intercept[207],0.171,0.99,-1.631,2.058,0.005,0.01,43596.0,10928.0,1.0
participant_intercept[208],-0.911,0.982,-2.682,1.02,0.005,0.006,42950.0,10071.0,1.0
participant_intercept[209],0.489,0.973,-1.299,2.367,0.005,0.008,40206.0,10519.0,1.0
participant_intercept[210],-0.458,0.988,-2.3,1.394,0.005,0.008,42160.0,10269.0,1.0
participant_intercept[211],0.926,1.003,-0.981,2.777,0.005,0.007,42594.0,10139.0,1.0
participant_intercept[212],0.939,0.978,-0.846,2.803,0.005,0.006,44950.0,11831.0,1.0
participant_intercept[213],-1.067,0.966,-2.892,0.728,0.005,0.006,39945.0,10998.0,1.0
participant_intercept[214],0.932,0.982,-0.864,2.796,0.005,0.006,35271.0,10774.0,1.0
participant_intercept[215],-0.178,0.985,-2.058,1.662,0.005,0.01,36229.0,10198.0,1.0
participant_intercept[216],-0.153,0.982,-1.959,1.717,0.005,0.009,41824.0,10714.0,1.0
participant_intercept[217],-0.136,0.988,-1.994,1.705,0.005,0.009,39040.0,10691.0,1.0
participant_intercept[218],-0.4,1.002,-2.287,1.438,0.005,0.008,38959.0,11272.0,1.0
participant_intercept[219],-0.73,0.982,-2.581,1.11,0.005,0.007,34349.0,9936.0,1.0
participant_intercept[220],-2.829,0.964,-4.681,-1.06,0.005,0.004,37131.0,10548.0,1.0
participant_intercept[221],-1.703,0.973,-3.53,0.116,0.005,0.005,41392.0,10231.0,1.0
participant_intercept[222],0.635,0.984,-1.172,2.504,0.005,0.007,40151.0,11250.0,1.0
participant_intercept[223],0.022,0.991,-1.828,1.849,0.005,0.01,45697.0,10628.0,1.0
participant_intercept[224],-1.196,0.957,-2.994,0.561,0.005,0.005,36907.0,11157.0,1.0
participant_intercept[225],0.479,0.974,-1.331,2.315,0.005,0.008,35806.0,9998.0,1.0
participant_intercept[226],0.668,0.989,-1.141,2.595,0.005,0.008,37495.0,9450.0,1.0
participant_intercept[227],-1.351,0.97,-3.15,0.493,0.005,0.006,39219.0,9764.0,1.0
participant_intercept[228],-1.235,0.993,-3.099,0.588,0.005,0.006,39835.0,10718.0,1.0
participant_intercept[229],0.683,0.993,-1.162,2.527,0.005,0.008,38447.0,10443.0,1.0
participant_intercept[230],-0.329,0.98,-2.146,1.515,0.005,0.009,37152.0,11091.0,1.0
participant_intercept[231],0.935,0.975,-0.857,2.824,0.005,0.006,35857.0,10464.0,1.0
participant_intercept[232],-0.62,0.983,-2.474,1.173,0.005,0.007,37532.0,10785.0,1.0
participant_intercept[233],0.899,0.965,-0.876,2.704,0.005,0.006,42351.0,11128.0,1.0
participant_intercept[234],0.013,0.97,-1.863,1.801,0.005,0.01,39965.0,10690.0,1.0
participant_intercept[235],-0.031,0.98,-1.936,1.796,0.005,0.01,36911.0,10530.0,1.0
participant_intercept[236],2.316,0.965,0.477,4.123,0.005,0.004,40026.0,10941.0,1.0
participant_intercept[237],0.11,0.977,-1.844,1.871,0.005,0.009,40990.0,10664.0,1.0
participant_intercept[238],0.931,0.99,-0.916,2.793,0.005,0.007,41069.0,10716.0,1.0
participant_intercept[239],-1.41,0.99,-3.232,0.476,0.005,0.005,42292.0,10940.0,1.0
participant_intercept[240],-1.281,0.959,-3.077,0.541,0.005,0.005,43787.0,10910.0,1.0
participant_intercept[241],0.918,0.986,-0.865,2.819,0.005,0.006,38265.0,10521.0,1.0
participant_intercept[242],0.73,0.999,-1.115,2.59,0.005,0.007,37923.0,11053.0,1.0
participant_intercept[243],0.647,0.997,-1.22,2.516,0.005,0.008,38617.0,10197.0,1.0
participant_intercept[244],2.328,0.967,0.535,4.169,0.005,0.004,38071.0,10310.0,1.0
participant_intercept[245],-0.645,1.001,-2.547,1.232,0.005,0.008,41481.0,9432.0,1.0
participant_intercept[246],0.143,0.979,-1.687,1.995,0.005,0.009,43252.0,10228.0,1.0
participant_intercept[247],-0.394,0.973,-2.175,1.479,0.005,0.008,39424.0,11228.0,1.0
participant_intercept[248],0.902,0.991,-0.997,2.74,0.005,0.006,39283.0,10420.0,1.0
participant_intercept[249],0.93,0.975,-0.984,2.705,0.005,0.006,44416.0,10796.0,1.0
participant_intercept[250],0.914,0.97,-0.855,2.781,0.005,0.006,40914.0,10619.0,1.0
participant_intercept[251],0.067,1.0,-1.81,1.923,0.005,0.01,41140.0,10580.0,1.0
participant_intercept[252],-0.483,0.991,-2.292,1.417,0.005,0.008,41843.0,10676.0,1.0
participant_intercept[253],-1.104,0.981,-2.937,0.738,0.005,0.006,43113.0,10970.0,1.0
participant_intercept[254],0.933,1.001,-0.906,2.834,0.005,0.007,40927.0,9949.0,1.0
participant_intercept[255],-0.023,0.995,-1.905,1.817,0.005,0.01,45144.0,10775.0,1.0
participant_intercept[256],0.942,0.989,-0.855,2.853,0.005,0.006,41899.0,10727.0,1.0
participant_intercept[257],-0.378,0.973,-2.199,1.456,0.005,0.009,40536.0,10520.0,1.0
participant_intercept[258],0.308,0.996,-1.571,2.156,0.005,0.01,38857.0,8778.0,1.0
participant_intercept[259],-0.259,0.983,-2.086,1.643,0.005,0.009,40501.0,10635.0,1.0
participant_intercept[260],0.944,0.984,-0.86,2.829,0.005,0.006,44790.0,9997.0,1.0
participant_intercept[261],0.939,0.988,-0.898,2.814,0.005,0.006,40369.0,10915.0,1.0
participant_intercept[262],0.596,0.977,-1.258,2.41,0.005,0.008,39293.0,10372.0,1.0
participant_intercept[263],-0.428,0.994,-2.252,1.463,0.005,0.009,37543.0,10804.0,1.0
participant_intercept[264],-0.385,0.982,-2.219,1.464,0.005,0.009,41924.0,10463.0,1.0
participant_intercept[265],0.941,0.993,-0.927,2.794,0.005,0.006,37056.0,10269.0,1.0
participant_intercept[266],1.084,0.969,-0.7,2.922,0.005,0.006,42782.0,10925.0,1.0
participant_intercept[267],0.941,0.976,-0.857,2.789,0.005,0.006,35628.0,11224.0,1.0
participant_intercept[268],0.917,1.006,-1.009,2.802,0.005,0.007,40695.0,10190.0,1.0
participant_intercept[269],-0.442,0.988,-2.367,1.369,0.005,0.008,40834.0,11150.0,1.0
participant_intercept[270],0.943,0.994,-0.885,2.807,0.005,0.006,41305.0,10060.0,1.0
participant_intercept[271],0.61,0.971,-1.2,2.485,0.005,0.008,40595.0,10812.0,1.0
participant_intercept[272],0.659,0.999,-1.193,2.551,0.005,0.008,35968.0,10696.0,1.0
participant_intercept[273],0.658,0.997,-1.239,2.513,0.005,0.007,43645.0,11072.0,1.0
participant_intercept[274],-1.195,0.974,-2.954,0.723,0.005,0.006,39301.0,9834.0,1.0
participant_intercept[275],-2.87,0.956,-4.737,-1.158,0.005,0.004,41576.0,10772.0,1.0
participant_intercept[276],-2.849,0.967,-4.667,-1.035,0.005,0.004,42191.0,11292.0,1.0
participant_intercept[277],2.328,0.975,0.571,4.267,0.005,0.004,39345.0,11251.0,1.0
participant_intercept[278],-0.519,0.984,-2.336,1.313,0.005,0.008,43307.0,11570.0,1.0
participant_intercept[279],0.2,1.003,-1.717,2.042,0.005,0.009,44260.0,11471.0,1.0
participant_intercept[280],-1.605,0.964,-3.44,0.187,0.005,0.005,39634.0,10461.0,1.0
participant_intercept[281],0.939,0.975,-0.885,2.755,0.005,0.006,41536.0,10728.0,1.0
participant_intercept[282],0.926,0.993,-0.977,2.741,0.005,0.007,40435.0,10742.0,1.0
participant_intercept[283],0.414,0.968,-1.366,2.226,0.005,0.009,42142.0,10323.0,1.0
participant_intercept[284],-0.585,0.997,-2.412,1.339,0.005,0.008,36249.0,10521.0,1.0
participant_intercept[285],0.476,0.949,-1.286,2.27,0.005,0.007,41204.0,11635.0,1.0
participant_intercept[286],0.262,0.991,-1.552,2.116,0.005,0.009,37555.0,10196.0,1.0
participant_intercept[287],0.927,0.992,-0.894,2.85,0.005,0.007,39379.0,10337.0,1.0
participant_intercept[288],-0.868,0.964,-2.761,0.895,0.005,0.007,44088.0,9922.0,1.0
participant_intercept[289],0.469,0.98,-1.412,2.292,0.005,0.009,38913.0,10422.0,1.0
participant_intercept[290],-1.704,0.959,-3.462,0.171,0.005,0.005,40002.0,10788.0,1.0
participant_intercept[291],0.235,0.988,-1.675,2.011,0.005,0.009,41072.0,10507.0,1.0
participant_intercept[292],-0.489,0.988,-2.324,1.37,0.005,0.008,38683.0,10107.0,1.0
participant_intercept[293],0.942,0.991,-0.876,2.897,0.005,0.006,36831.0,11457.0,1.0
participant_intercept[294],0.928,1.005,-0.996,2.796,0.005,0.006,43420.0,10880.0,1.0
participant_intercept[295],-0.382,0.989,-2.262,1.424,0.005,0.009,40391.0,10870.0,1.0
participant_intercept[296],0.02,0.981,-1.835,1.874,0.005,0.01,41908.0,10412.0,1.0
participant_intercept[297],0.56,0.989,-1.259,2.447,0.005,0.008,35777.0,10445.0,1.0
participant_intercept[298],-1.051,0.98,-2.891,0.784,0.005,0.006,40546.0,10400.0,1.0
participant_intercept[299],1.127,0.962,-0.703,2.919,0.005,0.006,39572.0,10575.0,1.0
participant_intercept[300],-0.482,0.982,-2.343,1.337,0.005,0.008,40479.0,10572.0,1.0
participant_intercept[301],0.333,1.001,-1.514,2.237,0.005,0.009,45556.0,10298.0,1.0
participant_intercept[302],0.932,0.998,-0.903,2.84,0.005,0.007,36850.0,10611.0,1.0
participant_intercept[303],-0.568,0.991,-2.457,1.253,0.005,0.008,43364.0,10856.0,1.0
participant_intercept[304],0.933,0.982,-0.914,2.764,0.005,0.006,37725.0,10590.0,1.0
participant_intercept[305],0.089,0.998,-1.738,2.031,0.005,0.01,39752.0,9188.0,1.0
participant_intercept[306],-0.205,0.979,-2.06,1.629,0.005,0.009,40385.0,10433.0,1.0
participant_intercept[307],0.681,0.972,-1.074,2.542,0.005,0.007,40333.0,10300.0,1.0
participant_intercept[308],0.045,0.992,-1.762,1.944,0.005,0.01,42469.0,9510.0,1.0
participant_intercept[309],-0.603,0.999,-2.501,1.249,0.005,0.008,39196.0,10992.0,1.0
participant_intercept[310],0.944,0.987,-1.003,2.718,0.005,0.007,40697.0,10032.0,1.0
participant_intercept[311],-1.784,0.963,-3.55,0.061,0.005,0.005,43858.0,11219.0,1.0
participant_intercept[312],2.154,0.958,0.364,3.975,0.005,0.004,38013.0,9845.0,1.0
participant_intercept[313],2.168,0.976,0.29,3.958,0.005,0.005,35433.0,10283.0,1.0
participant_intercept[314],0.494,0.983,-1.349,2.336,0.005,0.008,41967.0,10633.0,1.0
participant_intercept[315],-0.064,0.977,-1.925,1.728,0.005,0.01,38113.0,8496.0,1.0
participant_intercept[316],-0.943,0.985,-2.751,0.937,0.005,0.007,36945.0,9894.0,1.0
participant_intercept[317],0.73,0.971,-1.057,2.598,0.005,0.007,43103.0,10608.0,1.0
participant_intercept[318],-0.569,1.012,-2.505,1.286,0.005,0.008,38866.0,10710.0,1.0
participant_intercept[319],0.929,0.968,-0.87,2.79,0.005,0.006,40097.0,10684.0,1.0
participant_intercept[320],0.279,0.985,-1.623,2.066,0.005,0.009,40421.0,10268.0,1.0
participant_intercept[321],0.945,0.981,-0.886,2.776,0.005,0.007,43105.0,10773.0,1.0
participant_intercept[322],0.935,0.987,-0.86,2.868,0.005,0.007,37417.0,9784.0,1.0
participant_intercept[323],0.939,1.006,-0.967,2.79,0.005,0.007,39016.0,11162.0,1.0
participant_intercept[324],0.945,0.982,-0.928,2.793,0.005,0.006,42142.0,10749.0,1.0
participant_intercept[325],0.925,0.981,-0.951,2.716,0.005,0.007,41219.0,9913.0,1.0
participant_intercept[326],0.257,1.007,-1.669,2.129,0.005,0.009,46227.0,10561.0,1.0
participant_intercept[327],-0.412,0.963,-2.236,1.363,0.005,0.008,39545.0,11316.0,1.0
participant_intercept[328],0.27,0.991,-1.614,2.096,0.005,0.009,40107.0,10643.0,1.0
participant_intercept[329],-0.774,0.96,-2.611,0.991,0.005,0.007,36572.0,10507.0,1.0
participant_intercept[330],-1.117,0.983,-2.949,0.736,0.005,0.006,40200.0,10403.0,1.0
participant_intercept[331],-0.521,0.985,-2.345,1.352,0.005,0.008,43714.0,9519.0,1.0
participant_intercept[332],0.02,0.974,-1.836,1.871,0.005,0.009,41019.0,11124.0,1.0
participant_intercept[333],0.604,0.962,-1.202,2.422,0.005,0.007,39936.0,10955.0,1.0
participant_intercept[334],-0.107,0.971,-1.925,1.73,0.005,0.01,42853.0,10155.0,1.0
participant_intercept[335],-0.195,0.974,-2.012,1.604,0.005,0.01,39271.0,9504.0,1.0
participant_intercept[336],0.93,0.981,-0.86,2.808,0.005,0.006,44776.0,10280.0,1.0
participant_intercept[337],0.181,0.966,-1.57,2.046,0.005,0.01,40450.0,9667.0,1.0
participant_intercept[338],1.216,0.967,-0.587,3.029,0.005,0.006,40457.0,10063.0,1.0
participant_intercept[339],0.937,0.993,-0.864,2.848,0.005,0.007,40543.0,10049.0,1.0
participant_intercept[340],-0.832,0.964,-2.651,0.957,0.005,0.007,39295.0,9910.0,1.0
participant_intercept[341],-1.077,0.985,-2.883,0.776,0.005,0.006,36215.0,11111.0,1.0
participant_intercept[342],-0.928,0.968,-2.726,0.879,0.005,0.006,40233.0,10692.0,1.0
participant_intercept[343],1.374,0.962,-0.478,3.156,0.005,0.005,43036.0,10879.0,1.0
participant_intercept[344],-0.799,0.985,-2.712,1.012,0.005,0.007,41381.0,10411.0,1.0
participant_intercept[345],0.077,0.989,-1.766,1.961,0.005,0.009,35460.0,11124.0,1.0
participant_intercept[346],0.385,0.985,-1.54,2.151,0.005,0.009,39623.0,9799.0,1.0
participant_intercept[347],-0.252,0.987,-2.082,1.609,0.005,0.009,39829.0,10702.0,1.0
participant_intercept[348],-0.306,0.993,-2.188,1.531,0.005,0.009,42597.0,10684.0,1.0
participant_intercept[349],0.811,0.959,-0.972,2.607,0.005,0.007,40412.0,10541.0,1.0
participant_intercept[350],0.925,1.004,-0.919,2.833,0.005,0.007,40589.0,10378.0,1.0
participant_intercept[351],0.588,0.999,-1.328,2.376,0.005,0.008,37650.0,10855.0,1.0
participant_intercept[352],-0.771,0.983,-2.705,1.015,0.005,0.007,39468.0,10559.0,1.0
participant_intercept[353],0.926,0.99,-0.963,2.772,0.005,0.007,38762.0,10018.0,1.0
participant_intercept[354],-1.634,0.995,-3.532,0.215,0.005,0.005,41493.0,11124.0,1.0
participant_intercept[355],-1.212,0.99,-3.04,0.68,0.005,0.006,40586.0,10481.0,1.0
participant_intercept[356],0.524,1.005,-1.335,2.432,0.005,0.008,39979.0,10402.0,1.0
participant_intercept[357],-0.293,0.961,-2.059,1.569,0.005,0.008,38660.0,10962.0,1.0
participant_intercept[358],0.002,0.978,-1.809,1.86,0.005,0.009,42271.0,10755.0,1.0
participant_intercept[359],0.661,0.98,-1.195,2.459,0.005,0.007,40315.0,10512.0,1.0
participant_intercept[360],-0.22,0.986,-2.018,1.673,0.005,0.009,42890.0,11102.0,1.0
participant_intercept[361],0.217,0.981,-1.582,2.128,0.005,0.009,35174.0,10573.0,1.0
participant_intercept[362],1.186,0.966,-0.693,2.931,0.005,0.006,39079.0,10682.0,1.0
participant_intercept[363],0.908,0.992,-0.938,2.763,0.005,0.007,45302.0,10722.0,1.0
participant_intercept[364],0.93,0.996,-0.93,2.739,0.005,0.006,40772.0,10622.0,1.0
participant_intercept[365],0.924,0.977,-0.874,2.805,0.005,0.006,41081.0,10904.0,1.0
participant_intercept[366],0.03,0.986,-1.827,1.885,0.005,0.009,40941.0,11551.0,1.0
participant_intercept[367],-0.149,0.995,-2.046,1.67,0.005,0.009,41009.0,11018.0,1.0
participant_intercept[368],0.641,0.993,-1.216,2.516,0.005,0.008,39252.0,9637.0,1.0
participant_intercept[369],0.912,0.986,-0.968,2.722,0.005,0.007,38505.0,10999.0,1.0
participant_intercept[370],0.706,0.989,-1.105,2.576,0.005,0.007,38500.0,10248.0,1.0
participant_intercept[371],-0.321,0.987,-2.162,1.553,0.005,0.009,39666.0,10413.0,1.0
participant_intercept[372],2.339,0.958,0.486,4.118,0.005,0.004,40165.0,9802.0,1.0
participant_intercept[373],0.933,0.977,-0.889,2.741,0.005,0.006,38475.0,10536.0,1.0
participant_intercept[374],0.568,0.997,-1.392,2.344,0.005,0.008,39517.0,10929.0,1.0
participant_intercept[375],-0.676,0.973,-2.474,1.18,0.005,0.007,38209.0,10641.0,1.0
participant_intercept[376],-0.379,0.977,-2.247,1.432,0.005,0.009,38456.0,9840.0,1.0
participant_intercept[377],0.941,0.983,-0.94,2.775,0.005,0.006,44641.0,10816.0,1.0
participant_intercept[378],-0.168,0.985,-2.064,1.662,0.005,0.009,39720.0,10731.0,1.0
participant_intercept[379],0.946,0.989,-0.822,2.902,0.005,0.007,38564.0,10517.0,1.0
participant_intercept[380],-0.796,0.971,-2.56,1.083,0.004,0.006,47550.0,11372.0,1.0
participant_intercept[381],-1.985,0.977,-3.778,-0.089,0.005,0.005,40227.0,10063.0,1.0
participant_intercept[382],-0.276,1.001,-2.142,1.565,0.005,0.009,33834.0,10978.0,1.0
participant_intercept[383],0.743,0.965,-1.095,2.54,0.005,0.007,39760.0,10777.0,1.0
participant_intercept[384],0.938,0.997,-0.945,2.801,0.005,0.007,39176.0,10204.0,1.0
participant_intercept[385],0.795,0.98,-0.978,2.671,0.005,0.007,37009.0,10314.0,1.0
participant_intercept[386],0.927,0.986,-0.894,2.787,0.005,0.007,38631.0,10993.0,1.0
participant_intercept[387],2.31,0.962,0.48,4.089,0.005,0.004,36653.0,10545.0,1.0
participant_intercept[388],-0.446,0.993,-2.264,1.482,0.005,0.008,41792.0,10829.0,1.0
participant_intercept[389],0.049,0.97,-1.772,1.886,0.005,0.01,40462.0,10664.0,1.0
participant_intercept[390],0.281,0.999,-1.536,2.2,0.005,0.009,40935.0,11029.0,1.0
sigma,31.793,0.188,31.435,32.153,0.001,0.001,38129.0,10902.0,1.0
